azimuth_deg,elevation_deg,first_blocker,blocker_kind,blocker_material,blocker_surface,blocker_distance_m,clear_distance_m,end_x,end_y,end_z
-30,-5,road_collider_deck_span_01,world,earth,road_collider_deck_span_01,1.2,1.2,26.035,-2.465,42.402
-29.5,-5,road_collider_deck_span_01,world,earth,road_collider_deck_span_01,1.2,1.2,26.04,-2.465,42.411
-29,-5,road_collider_deck_span_01,world,earth,road_collider_deck_span_01,1.2,1.2,26.046,-2.465,42.42
-28.5,-5,road_collider_deck_span_01,world,earth,road_collider_deck_span_01,1.2,1.2,26.051,-2.465,42.43
-28,-5,road_collider_deck_span_01,world,earth,road_collider_deck_span_01,1.2,1.2,26.056,-2.465,42.439
-27.5,-5,road_collider_deck_span_01,world,earth,road_collider_deck_span_01,1.2,1.2,26.06,-2.465,42.448
-27,-5,road_collider_deck_span_01,world,earth,road_collider_deck_span_01,1.2,1.2,26.065,-2.465,42.457
-26.5,-5,road_collider_deck_span_01,world,earth,road_collider_deck_span_01,1.2,1.2,26.07,-2.465,42.467
-26,-5,road_collider_deck_span_01,world,earth,road_collider_deck_span_01,1.2,1.2,26.074,-2.465,42.476
-25.5,-5,road_collider_deck_span_01,world,earth,road_collider_deck_span_01,1.2,1.2,26.079,-2.465,42.485
-25,-5,road_collider_deck_span_01,world,earth,road_collider_deck_span_01,1.2,1.2,26.083,-2.465,42.495
-24.5,-5,road_collider_deck_span_01,world,earth,road_collider_deck_span_01,1.2,1.2,26.088,-2.465,42.504
-24,-5,road_collider_deck_span_01,world,earth,road_collider_deck_span_01,1.2,1.2,26.092,-2.465,42.514
-23.5,-5,road_collider_deck_span_01,world,earth,road_collider_deck_span_01,1.2,1.2,26.096,-2.465,42.523
-23,-5,road_collider_deck_span_01,world,earth,road_collider_deck_span_01,1.2,1.2,26.1,-2.465,42.533
-22.5,-5,road_collider_deck_span_01,world,earth,road_collider_deck_span_01,1.2,1.2,26.104,-2.465,42.543
-22,-5,road_collider_deck_span_01,world,earth,road_collider_deck_span_01,1.2,1.2,26.108,-2.465,42.552
-21.5,-5,road_collider_deck_span_01,world,earth,road_collider_deck_span_01,1.2,1.2,26.112,-2.465,42
…[276227 chars truncated — re-run with head/grep/tail for full output]…
oad_collider_deck_span_01,world,earth,road_collider_deck_span_01,1.2,1.2,26.045,-2.162,42.444
-27.5,9.5,road_collider_deck_span_01,world,earth,road_collider_deck_span_01,1.2,1.2,26.05,-2.162,42.454
-27,9.5,road_collider_deck_span_01,world,earth,road_collider_deck_span_01,1.2,1.2,26.055,-2.162,42.463
-26.5,9.5,road_collider_deck_span_01,world,earth,road_collider_deck_span_01,1.2,1.2,26.059,-2.162,42.472
-26,9.5,road_collider_deck_span_01,world,earth,road_collider_deck_span_01,1.2,1.2,26.064,-2.162,42.481
-25.5,9.5,road_collider_deck_span_01,world,earth,road_collider_deck_span_01,1.2,1.2,26.068,-2.162,42.49
-25,9.5,road_collider_deck_span_01,world,earth,road_collider_deck_span_01,1.2,1.2,26.073,-2.162,42.5
-24.5,9.5,road_collider_deck_span_01,world,earth,road_collider_deck_span_01,1.2,1.2,26.077,-2.162,42.509
-24,9.5,road_collider_deck_span_01,world,earth,road_collider_deck_span_01,1.2,1.2,26.081,-2.162,42.519
-23.5,9.5,road_collider_deck_span_01,world,earth,road_collider_deck_span_01,1.2,1.2,26.085,-2.162,42.528
-23,9.5,road_collider_deck_span_01,world,earth,road_collider_deck_span_01,1.2,1.2,26.089,-2.162,42.538
-22.5,9.5,road_collider_deck_span_01,world,earth,road_collider_deck_span_01,1.2,1.2,26.093,-2.162,42.547
-22,9.5,road_collider_deck_span_01,world,earth,road_collider_deck_span_01,1.2,1.2,26.097,-2.162,42.557
-21.5,9.5,road_collider_deck_span_01,world,earth,road_collider_deck_span_01,1.2,1.2,26.101,-2.162,42.566
-21,9.5,road_collider_deck_span_01,world,earth,road_collider_deck_span_01,1.2,1.2,26.105,-2.162,42.576
-20.5,9.5,road_collider_deck_span_01,world,earth,road_collider_deck_span_01,1.2,1.2,26.109,-2.162,42.586
-20,9.5,road_collider_deck_span_01,world,earth,road_collider_deck_span_01,1.2,1.2,26.112,-2.162,42.595
-19.5,9.5,road_collider_deck_span_01,world,earth,road_collider_deck_span_01,1.2,1.2,26.116,-2.162,42.605
-19,9.5,road_collider_deck_span_01,world,earth,road_collider_deck_span_01,1.2,1.2,26.119,-2.162,42.615
-18.5,9.5,road_collider_deck_span_01,world,earth,road_collider_deck_span_01,1.2,1.2,26.122,-2.162,42.624
-18,9.5,road_collider_deck_span_01,world,earth,road_collider_deck_span_01,1.2,1.2,26.126,-2.162,42.634
-17.5,9.5,road_collider_deck_span_01,world,earth,road_collider_deck_span_01,1.2,1.2,26.129,-2.162,42.644
-17,9.5,road_collider_deck_span_01,world,earth,road_collider_deck_span_01,1.2,1.2,26.132,-2.162,42.654
-16.5,9.5,road_collider_deck_span_01,world,earth,road_collider_deck_span_01,1.2,1.2,26.135,-2.162,42.664
-16,9.5,road_collider_deck_span_01,world,earth,road_collider_deck_span_01,1.2,1.2,26.138,-2.162,42.674
-15.5,9.5,road_collider_deck_span_01,world,earth,road_collider_deck_span_01,1.2,1.2,26.14,-2.162,42.684
-15,9.5,road_collider_deck_span_01,world,earth,road_collider_deck_span_01,1.2,1.2,26.143,-2.162,42.694
-14.5,9.5,road_collider_deck_span_01,world,earth,road_collider_deck_span_01,1.2,1.2,26.146,-2.162,42.704
-14,9.5,road_collider_deck_span_01,world,earth,road_collider_deck_span_01,1.2,1.2,26.148,-2.162,42.714
-13.5,9.5,road_collider_deck_span_01,world,earth,road_collider_deck_span_01,1.2,1.2,26.151,-2.162,42.724
-13,9.5,road_collider_deck_span_01,world,earth,road_collider_deck_span_01,1.2,1.2,26.153,-2.162,42.734
-12.5,9.5,road_collider_deck_span_01,world,earth,road_collider_deck_span_01,1.2,1.2,26.155,-2.162,42.744
-12,9.5,road_collider_deck_span_01,world,earth,road_collider_deck_span_01,1.2,1.2,26.158,-2.162,42.754
-11.5,9.5,road_collider_deck_span_01,world,earth,road_collider_deck_span_01,1.2,1.2,26.16,-2.162,42.764
-11,9.5,road_collider_deck_span_01,world,earth,road_collider_deck_span_01,2.4,2.4,27.324,-1.964,42.548
-10.5,9.5,road_collider_deck_span_01,world,earth,road_collider_deck_span_01,2.4,2.4,27.327,-1.964,42.569
-10,9.5,road_collider_deck_span_01,world,earth,road_collider_deck_span_01,2.4,2.4,27.331,-1.964,42.589
-9.5,9.5,road_collider_deck_span_01,world,earth,road_collider_deck_span_01,2.4,2.4,27.335,-1.964,42.609
-9,9.5,road_collider_deck_span_01,world,earth,road_collider_deck_span_01,2.4,2.4,27.338,-1.964,42.63
-8.5,9.5,road_collider_deck_span_01,world,earth,road_collider_deck_span_01,2.4,2.4,27.341,-1.964,42.65
-8,9.5,road_collider_deck_span_01,world,earth,road_collider_deck_span_01,2.4,2.4,27.344,-1.964,42.671
-7.5,9.5,road_collider_deck_span_01,world,earth,road_collider_deck_span_01,2.4,2.4,27.347,-1.964,42.691
-7,9.5,road_collider_deck_span_01,world,earth,road_collider_deck_span_01,2.4,2.4,27.349,-1.964,42.712
-6.5,9.5,road_collider_deck_span_01,world,earth,road_collider_deck_span_01,2.4,2.4,27.352,-1.964,42.732
-6,9.5,road_collider_deck_span_01,world,earth,road_collider_deck_span_01,2.4,2.4,27.354,-1.964,42.753
-5.5,9.5,road_collider_deck_span_01,world,earth,road_collider_deck_span_01,3.6,3.6,28.534,-1.766,42.66
-5,9.5,road_collider_deck_span_01,world,earth,road_collider_deck_span_01,3.6,3.6,28.537,-1.766,42.691
-4.5,9.5,road_collider_deck_span_01,world,earth,road_collider_deck_span_01,3.6,3.6,28.54,-1.766,42.721
-4,9.5,road_collider_deck_span_01,world,earth,road_collider_deck_span_01,3.6,3.6,28.542,-1.766,42.752
-3.5,9.5,road_collider_deck_span_01,world,earth,road_collider_deck_span_01,4.8,4.8,29.725,-1.568,42.711
-3,9.5,road_collider_deck_span_01,world,earth,road_collider_deck_span_01,4.8,4.8,29.728,-1.568,42.752
-2.5,9.5,road_collider_deck_span_01,world,earth,road_collider_deck_span_01,6,6,30.912,-1.37,42.742
-2,9.5,road_collider_deck_span_01,world,earth,road_collider_deck_span_01,7.2,7.2,32.097,-1.172,42.752
-1.5,9.5,road_collider_deck_span_01,world,earth,road_collider_deck_span_01,9.6,9.6,34.465,-0.776,42.752
-1,9.5,CLEAR,,,,,1200,1208.362,195.697,22.344
-0.5,9.5,CLEAR,,,,,1200,1208.498,195.697,32.672
0,9.5,CLEAR,,,,,1200,1208.543,195.697,43
0.5,9.5,road_collider_tower_01_s,world,stone,,114.829,114.829,138.25,16.592,43.988
1,9.5,road_collider_tower_01_s,world,stone,,114.842,114.842,138.25,16.594,44.977
1.5,9.5,road_collider_tower_01_s,world,stone,,114.864,114.864,138.25,16.598,45.966
2,9.5,road_collider_tower_01_s,world,stone,,114.895,114.895,138.25,16.603,46.955
2.5,9.5,road_collider_tower_01_s,world,stone,,114.934,114.934,138.25,16.61,47.945
3,9.5,CLEAR,,,,,1200,1206.921,195.697,104.942
3.5,9.5,CLEAR,,,,,1200,1206.335,195.697,115.254
4,9.5,CLEAR,,,,,1200,1205.66,195.697,125.56
4.5,9.5,CLEAR,,,,,1200,1204.894,195.697,135.86
5,9.5,CLEAR,,,,,1200,1204.039,195.697,146.153
5.5,9.5,CLEAR,,,,,1200,1203.094,195.697,156.438
6,9.5,CLEAR,,,,,1200,1202.059,195.697,166.714
6.5,9.5,CLEAR,,,,,1200,1200.935,195.697,176.981
7,9.5,CLEAR,,,,,1200,1199.721,195.697,187.238
7.5,9.5,CLEAR,,,,,1200,1198.417,195.697,197.483
8,9.5,CLEAR,,,,,1200,1197.025,195.697,207.717
8.5,9.5,CLEAR,,,,,1200,1195.543,195.697,217.939
9,9.5,CLEAR,,,,,1200,1193.971,195.697,228.147
9.5,9.5,CLEAR,,,,,1200,1192.311,195.697,238.341
10,9.5,CLEAR,,,,,1200,1190.562,195.697,248.52
10.5,9.5,CLEAR,,,,,1200,1188.724,195.697,258.684
11,9.5,CLEAR,,,,,1200,1186.798,195.697,268.831
11.5,9.5,CLEAR,,,,,1200,1184.783,195.697,278.96
12,9.5,CLEAR,,,,,1200,1182.679,195.697,289.072
12.5,9.5,CLEAR,,,,,1200,1180.488,195.697,299.166
13,9.5,CLEAR,,,,,1200,1178.209,195.697,309.239
13.5,9.5,CLEAR,,,,,1200,1175.841,195.697,319.293
14,9.5,CLEAR,,,,,1200,1173.386,195.697,329.325
14.5,9.5,CLEAR,,,,,1200,1170.844,195.697,339.335
15,9.5,CLEAR,,,,,1200,1168.214,195.697,349.323
15.5,9.5,CLEAR,,,,,1200,1165.498,195.697,359.288
16,9.5,CLEAR,,,,,1200,1162.694,195.697,369.229
16.5,9.5,CLEAR,,,,,1200,1159.804,195.697,379.144
17,9.5,CLEAR,,,,,1200,1156.828,195.697,389.034
17.5,9.5,CLEAR,,,,,1200,1153.765,195.697,398.898
18,9.5,CLEAR,,,,,1200,1150.616,195.697,408.735
18.5,9.5,CLEAR,,,,,1200,1147.382,195.697,418.544
19,9.5,CLEAR,,,,,1200,1144.062,195.697,428.324
19.5,9.5,CLEAR,,,,,1200,1140.656,195.697,438.075
20,9.5,CLEAR,,,,,1200,1137.166,195.697,447.795
20.5,9.5,CLEAR,,,,,1200,1133.592,195.697,457.485
21,9.5,CLEAR,,,,,1200,1129.932,195.697,467.144
21.5,9.5,CLEAR,,,,,1200,1126.189,195.697,476.77
22,9.5,CLEAR,,,,,1200,1122.362,195.697,486.363
22.5,9.5,CLEAR,,,,,1200,1118.451,195.697,495.922
23,9.5,CLEAR,,,,,1200,1114.457,195.697,505.447
23.5,9.5,CLEAR,,,,,1200,1110.38,195.697,514.937
24,9.5,CLEAR,,,,,1200,1106.22,195.697,524.39
24.5,9.5,CLEAR,,,,,1200,1101.978,195.697,533.807
25,9.5,CLEAR,,,,,1200,1097.654,195.697,543.187
25.5,9.5,CLEAR,,,,,1200,1093.248,195.697,552.528
26,9.5,CLEAR,,,,,1200,1088.761,195.697,561.831
26.5,9.5,CLEAR,,,,,1200,1084.193,195.697,571.094
27,9.5,CLEAR,,,,,1200,1079.544,195.697,580.317
27.5,9.5,CLEAR,,,,,1200,1074.815,195.697,589.499
28,9.5,CLEAR,,,,,1200,1070.006,195.697,598.64
28.5,9.5,CLEAR,,,,,1200,1065.118,195.697,607.738
29,9.5,CLEAR,,,,,1200,1060.15,195.697,616.793
29.5,9.5,CLEAR,,,,,1200,1055.103,195.697,625.804
30,9.5,CLEAR,,,,,1200,1049.978,195.697,634.771
-30,10,road_collider_deck_span_01,world,earth,road_collider_deck_span_01,1.2,1.2,26.023,-2.152,42.409
-29.5,10,road_collider_deck_span_01,world,earth,road_collider_deck_span_01,1.2,1.2,26.029,-2.152,42.418
-29,10,road_collider_deck_span_01,world,earth,road_collider_deck_span_01,1.2,1.2,26.034,-2.152,42.427
-28.5,10,road_collider_deck_span_01,world,earth,road_collider_deck_span_01,1.2,1.2,26.039,-2.152,42.436
-28,10,road_collider_deck_span_01,world,earth,road_collider_deck_span_01,1.2,1.2,26.043,-2.152,42.445
-27.5,10,road_collider_deck_span_01,world,earth,road_collider_deck_span_01,1.2,1.2,26.048,-2.152,42.454
-27,10,road_collider_deck_span_01,world,earth,road_collider_deck_span_01,1.2,1.2,26.053,-2.152,42.463
-26.5,10,road_collider_deck_span_01,world,earth,road_collider_deck_span_01,1.2,1.2,26.058,-2.152,42.473
-26,10,road_collider_deck_span_01,world,earth,road_collider_deck_span_01,1.2,1.2,26.062,-2.152,42.482
-25.5,10,road_collider_deck_span_01,world,earth,road_collider_deck_span_01,1.2,1.2,26.067,-2.152,42.491
-25,10,road_collider_deck_span_01,world,earth,road_collider_deck_span_01,1.2,1.2,26.071,-2.152,42.501
-24.5,10,road_collider_deck_span_01,world,earth,road_collider_deck_span_01,1.2,1.2,26.075,-2.152,42.51
-24,10,road_collider_deck_span_01,world,earth,road_collider_deck_span_01,1.2,1.2,26.08,-2.152,42.519
-23.5,10,road_collider_deck_span_01,world,earth,road_collider_deck_span_01,1.2,1.2,26.084,-2.152,42.529
-23,10,road_collider_deck_span_01,world,earth,road_collider_deck_span_01,1.2,1.2,26.088,-2.152,42.538
-22.5,10,road_collider_deck_span_01,world,earth,road_collider_deck_span_01,1.2,1.2,26.092,-2.152,42.548
-22,10,road_collider_deck_span_01,world,earth,road_collider_deck_span_01,1.2,1.2,26.096,-2.152,42.557
-21.5,10,road_collider_deck_span_01,world,earth,road_collider_deck_span_01,1.2,1.2,26.1,-2.152,42.567
-21,10,road_collider_deck_span_01,world,earth,road_collider_deck_span_01,1.2,1.2,26.103,-2.152,42.576
-20.5,10,road_collider_deck_span_01,world,earth,road_collider_deck_span_01,1.2,1.2,26.107,-2.152,42.586
-20,10,road_collider_deck_span_01,world,earth,road_collider_deck_span_01,1.2,1.2,26.11,-2.152,42.596
-19.5,10,road_collider_deck_span_01,world,earth,road_collider_deck_span_01,1.2,1.2,26.114,-2.152,42.606
-19,10,road_collider_deck_span_01,world,earth,road_collider_deck_span_01,1.2,1.2,26.117,-2.152,42.615
-18.5,10,road_collider_deck_span_01,world,earth,road_collider_deck_span_01,1.2,1.2,26.121,-2.152,42.625
-18,10,road_collider_deck_span_01,world,earth,road_collider_deck_span_01,1.2,1.2,26.124,-2.152,42.635
-17.5,10,road_collider_deck_span_01,world,earth,road_collider_deck_span_01,1.2,1.2,26.127,-2.152,42.645
-17,10,road_collider_deck_span_01,world,earth,road_collider_deck_span_01,1.2,1.2,26.13,-2.152,42.654
-16.5,10,road_collider_deck_span_01,world,earth,road_collider_deck_span_01,1.2,1.2,26.133,-2.152,42.664
-16,10,road_collider_deck_span_01,world,earth,road_collider_deck_span_01,1.2,1.2,26.136,-2.152,42.674
-15.5,10,road_collider_deck_span_01,world,earth,road_collider_deck_span_01,1.2,1.2,26.139,-2.152,42.684
-15,10,road_collider_deck_span_01,world,earth,road_collider_deck_span_01,1.2,1.2,26.142,-2.152,42.694
-14.5,10,road_collider_deck_span_01,world,earth,road_collider_deck_span_01,1.2,1.2,26.144,-2.152,42.704
-14,10,road_collider_deck_span_01,world,earth,road_collider_deck_span_01,1.2,1.2,26.147,-2.152,42.714
-13.5,10,road_collider_deck_span_01,world,earth,road_collider_deck_span_01,1.2,1.2,26.149,-2.152,42.724
-13,10,road_collider_deck_span_01,world,earth,road_collider_deck_span_01,1.2,1.2,26.151,-2.152,42.734
-12.5,10,road_collider_deck_span_01,world,earth,road_collider_deck_span_01,1.2,1.2,26.154,-2.152,42.744
-12,10,road_collider_deck_span_01,world,earth,road_collider_deck_span_01,1.2,1.2,26.156,-2.152,42.754
-11.5,10,road_collider_deck_span_01,world,earth,road_collider_deck_span_01,1.2,1.2,26.158,-2.152,42.764
-11,10,road_collider_deck_span_01,world,earth,road_collider_deck_span_01,2.4,2.4,27.32,-1.943,42.549
-10.5,10,road_collider_deck_span_01,world,earth,road_collider_deck_span_01,2.4,2.4,27.324,-1.943,42.569
-10,10,road_collider_deck_span_01,world,earth,road_collider_deck_span_01,2.4,2.4,27.328,-1.943,42.59
-9.5,10,road_collider_deck_span_01,world,earth,road_collider_deck_span_01,2.4,2.4,27.331,-1.943,42.61
-9,10,road_collider_deck_span_01,world,earth,road_collider_deck_span_01,2.4,2.4,27.334,-1.943,42.63
-8.5,10,road_collider_deck_span_01,world,earth,road_collider_deck_span_01,2.4,2.4,27.338,-1.943,42.651
-8,10,road_collider_deck_span_01,world,earth,road_collider_deck_span_01,2.4,2.4,27.341,-1.943,42.671
-7.5,10,road_collider_deck_span_01,world,earth,road_collider_deck_span_01,2.4,2.4,27.343,-1.943,42.691
-7,10,road_collider_deck_span_01,world,earth,road_collider_deck_span_01,2.4,2.4,27.346,-1.943,42.712
-6.5,10,road_collider_deck_span_01,world,earth,road_collider_deck_span_01,2.4,2.4,27.348,-1.943,42.732
-6,10,road_collider_deck_span_01,world,earth,road_collider_deck_span_01,2.4,2.4,27.351,-1.943,42.753
-5.5,10,road_collider_deck_span_01,world,earth,road_collider_deck_span_01,3.6,3.6,28.529,-1.735,42.66
-5,10,road_collider_deck_span_01,world,earth,road_collider_deck_span_01,3.6,3.6,28.532,-1.735,42.691
-4.5,10,road_collider_deck_span_01,world,earth,road_collider_deck_span_01,3.6,3.6,28.534,-1.735,42.722
-4,10,road_collider_deck_span_01,world,earth,road_collider_deck_span_01,3.6,3.6,28.537,-1.735,42.753
-3.5,10,road_collider_deck_span_01,world,earth,road_collider_deck_span_01,4.8,4.8,29.718,-1.526,42.711
-3,10,road_collider_deck_span_01,world,earth,road_collider_deck_span_01,4.8,4.8,29.721,-1.526,42.753
-2.5,10,road_collider_deck_span_01,world,earth,road_collider_deck_span_01,6,6,30.903,-1.318,42.742
-2,10,road_collider_deck_span_01,world,earth,road_collider_deck_span_01,7.2,7.2,32.086,-1.11,42.753
-1.5,10,road_collider_deck_span_01,world,earth,road_collider_deck_span_01,9.6,9.6,34.451,-0.693,42.753
-1,10,CLEAR,,,,,1200,1206.589,206.018,22.375
-0.5,10,CLEAR,,,,,1200,1206.724,206.018,32.687
0,10,CLEAR,,,,,1200,1206.769,206.018,43
0.5,10,road_collider_tower_01_s,world,stone,,115.001,115.001,138.25,17.61,43.988
1,10,road_collider_tower_01_s,world,stone,,115.015,115.015,138.25,17.612,44.977
1.5,10,road_collider_tower_01_s,world,stone,,115.036,115.036,138.25,17.616,45.966
2,10,road_collider_tower_01_s,world,stone,,115.067,115.067,138.25,17.621,46.955
2.5,10,road_collider_tower_01_s,world,stone,,115.107,115.107,138.25,17.628,47.945
3,10,CLEAR,,,,,1200,1205.15,206.018,104.849
3.5,10,CLEAR,,,,,1200,1204.565,206.018,115.145
4,10,CLEAR,,,,,1200,1203.891,206.018,125.436
4.5,10,CLEAR,,,,,1200,1203.126,206.018,135.721
5,10,CLEAR,,,,,1200,1202.272,206.018,145.998
5.5,10,CLEAR,,,,,1200,1201.329,206.018,156.268
6,10,CLEAR,,,,,1200,1200.295,206.018,166.529
6.5,10,CLEAR,,,,,1200,1199.173,206.018,176.78
7,10,CLEAR,,,,,1200,1197.961,206.018,187.021
7.5,10,CLEAR,,,,,1200,1196.659,206.018,197.252
8,10,CLEAR,,,,,1200,1195.268,206.018,207.47
8.5,10,CLEAR,,,,,1200,1193.789,206.018,217.677
9,10,CLEAR,,,,,1200,1192.22,206.018,227.869
9.5,10,CLEAR,,,,,1200,1190.562,206.018,238.048
10,10,CLEAR,,,,,1200,1188.816,206.018,248.212
10.5,10,CLEAR,,,,,1200,1186.98,206.018,258.36
11,10,CLEAR,,,,,1200,1185.057,206.018,268.492
11.5,10,CLEAR,,,,,1200,1183.045,206.018,278.607
12,10,CLEAR,,,,,1200,1180.945,206.018,288.704
12.5,10,CLEAR,,,,,1200,1178.757,206.018,298.782
13,10,CLEAR,,,,,1200,1176.481,206.018,308.84
13.5,10,CLEAR,,,,,1200,1174.117,206.018,318.879
14,10,CLEAR,,,,,1200,1171.666,206.018,328.896
14.5,10,CLEAR,,,,,1200,1169.127,206.018,338.891
15,10,CLEAR,,,,,1200,1166.501,206.018,348.864
15.5,10,CLEAR,,,,,1200,1163.789,206.018,358.814
16,10,CLEAR,,,,,1200,1160.99,206.018,368.74
16.5,10,CLEAR,,,,,1200,1158.104,206.018,378.641
17,10,CLEAR,,,,,1200,1155.132,206.018,388.516
17.5,10,CLEAR,,,,,1200,1152.073,206.018,398.365
18,10,CLEAR,,,,,1200,1148.929,206.018,408.187
18.5,10,CLEAR,,,,,1200,1145.7,206.018,417.981
19,10,CLEAR,,,,,1200,1142.385,206.018,427.746
19.5,10,CLEAR,,,,,1200,1138.985,206.018,437.483
20,10,CLEAR,,,,,1200,1135.5,206.018,447.189
20.5,10,CLEAR,,,,,1200,1131.93,206.018,456.864
21,10,CLEAR,,,,,1200,1128.277,206.018,466.508
21.5,10,CLEAR,,,,,1200,1124.539,206.018,476.12
22,10,CLEAR,,,,,1200,1120.717,206.018,485.699
22.5,10,CLEAR,,,,,1200,1116.812,206.018,495.244
23,10,CLEAR,,,,,1200,1112.824,206.018,504.754
23.5,10,CLEAR,,,,,1200,1108.753,206.018,514.229
24,10,CLEAR,,,,,1200,1104.6,206.018,523.669
24.5,10,CLEAR,,,,,1200,1100.364,206.018,533.072
25,10,CLEAR,,,,,1200,1096.047,206.018,542.437
25.5,10,CLEAR,,,,,1200,1091.648,206.018,551.765
26,10,CLEAR,,,,,1200,1087.167,206.018,561.054
26.5,10,CLEAR,,,,,1200,1082.606,206.018,570.303
27,10,CLEAR,,,,,1200,1077.964,206.018,579.512
27.5,10,CLEAR,,,,,1200,1073.242,206.018,588.68
28,10,CLEAR,,,,,1200,1068.44,206.018,597.807
28.5,10,CLEAR,,,,,1200,1063.559,206.018,606.892
29,10,CLEAR,,,,,1200,1058.599,206.018,615.933
29.5,10,CLEAR,,,,,1200,1053.56,206.018,624.931
30,10,CLEAR,,,,,1200,1048.442,206.018,633.885
