scenario,id,state,x,y,z,distance_m,azimuth_deg,elevation_deg,first_blocker,blocker_distance_m
repair,de_east_0,SUPPRESS,1055,0,32,1029.787,-0.618,0.152,road_collider_deck_span_01,22.655
repair,de_east_1,SUPPRESS,1055,0,13,1030.164,-1.674,0.151,road_collider_deck_span_01,8.241
repair,de_east_2,SUPPRESS,1053,-1,9.5,1028.55,-1.866,0.167,road_collider_deck_span_01,8.228
repair,de_east_3,SUPPRESS,1055,-1,11.5,1030.486,-1.752,0.167,road_collider_deck_span_01,8.244
repair,de_east_4,SUPPRESS,1057,-1,13.5,1032.426,-1.637,0.166,road_collider_deck_span_01,8.259
repair,de_east_5,SUPPRESS,1053,-1,15.5,1028.372,-1.532,0.167,road_collider_deck_span_01,9.255
repair,de_east_6,SUPPRESS,1055,-1,17.5,1030.32,-1.418,0.167,road_collider_deck_span_01,10.303
repair,de_east_7,SUPPRESS,1057,-1,19.5,1032.272,-1.304,0.167,road_collider_deck_span_01,11.355
repair,de_east_8,SUPPRESS,1053,-1,21.5,1028.229,-1.198,0.167,road_collider_deck_span_01,11.31
repair,de_east_9,SUPPRESS,1055,-1,23.5,1030.189,-1.085,0.167,road_collider_deck_span_01,13.392
repair,de_east_10,SUPPRESS,1057,-1,25.5,1032.153,-0.971,0.167,road_collider_deck_span_01,14.45
repair,de_east_11,SUPPRESS,1053,-1,27.5,1028.121,-0.864,0.167,road_collider_deck_span_01,16.45
repair,de_east_12,SUPPRESS,1055,-1,29.5,1030.093,-0.751,0.167,road_collider_deck_span_01,18.541
repair,de_east_13,SUPPRESS,1057,-1,31.5,1032.068,-0.638,0.167,road_collider_deck_span_01,21.673
repair,de_east_14,SUPPRESS,1076,-1,-80,1058.177,-6.675,0.162,road_collider_deck_span_01,2.116
repair,de_east_15,SUPPRESS,1083,-1,-75,1064.564,-6.364,0.161,road_collider_deck_span_01,2.129
repair,de_east_16,GUARD,1090,-1,-70,1070.982,-6.057,0.16,road_collider_deck_span_01,3.213
repair,de_east_17,GUARD,1097,-1,-65,1077.431,-5.753,0.16,road_collider_deck_span_01,3.232
repair,de_east_18,GUARD,1076,-1,-60,1056.039,-5.597,0.163,road_collider_deck_span_01,3.168
repair,de_east_19,GUARD,1083,-1,-55,1062.533,-5.292,0.162,road_collider_deck_span_01,3.188
repair,de_east_20,GUARD,1090,-1,-50,1069.057,-4.991,0.161,road_collider_deck_span_01,3.207
repair,de_east_21,GUARD,1097,-1,-45,1075.61,-4.693,0.16,road_collider_deck_span_01,3.227
repair,de_east_22,GUARD,1076,-1,-40,1054.277,-4.515,0.163,road_collider_deck_span_01,3.163
repair,de_east_23,GUARD,1083,-1,-35,1060.876,-4.216,0.162,road_collider_deck_span_01,4.243
repair,de_east_24,GUARD,1090,-1,-30,1067.503,-3.921,0.161,road_collider_deck_span_01,4.27
repair,de_east_25,SUPPRESS,1097,-1,-25,1074.159,-3.63,0.16,road_collider_deck_span_01,4.297
repair,de_east_26,SUPPRESS,1076,-1,-20,1052.891,-3.43,0.163,road_collider_deck_span_01,4.211
repair,de_east_27,SUPPRESS,1083,-1,-15,1059.593,-3.138,0.162,road_collider_deck_span_01,5.298
repair,de_east_28,SUPPRESS,1088,-1,52,1063.042,0.485,0.162,road_collider_pier_01,112.404
repair,de_east_29,SUPPRESS,1094,-1,56,1069.083,0.697,0.161,road_collider_pier_01,112.409
repair,de_east_30,SUPPRESS,1076,-1,60,1051.142,0.927,0.164,road_collider_pier_01,112.415
repair,de_east_31,SUPPRESS,1082,-1,64,1057.213,1.138,0.163,road_collider_pier_01,112.423
repair,de_east_32,SUPPRESS,1088,-1,68,1063.298,1.347,0.162,road_collider_pier_01,112.432
repair,de_east_33,SUPPRESS,1094,-1,72,1069.397,1.554,0.161,road_collider_pier_01,112.442
repair,de_east_34,SUPPRESS,1076,-1,76,1051.522,1.798,0.163,road_collider_pier_01,112.456
repair,de_east_35,SUPPRESS,1082,-1,80,1057.652,2.005,0.163,road_collider_pier_01,112.469
repair,de_east_36,SUPPRESS,1088,-1,84,1063.795,2.209,0.162,road_collider_pier_01,112.484
repair,de_east_37,SUPPRESS,1094,-1,88,1069.951,2.41,0.161,road_collider_pier_01,112.5
repair,de_east_38,SUPPRESS,1076,-1,92,1052.146,2.669,0.163,road_collider_pier_01,112.523
repair,de_east_39,SUPPRESS,1082,-1,96,1058.332,2.871,0.162,road_collider_pier_01,112.542
withdrawal,de_east_0,SUPPRESS,1055,0,32,1029.792,-0.617,0.152,road_collider_deck_span_01,22.655
withdrawal,de_east_1,SUPPRESS,1055,0,13,1030.163,-1.672,0.152,road_collider_deck_span_01,8.241
withdrawal,de_east_2,SUPPRESS,1053,-1,9.5,1028.55,-1.866,0.167,road_collider_deck_span_01,8.228
withdrawal,de_east_3,SUPPRESS,1055,-1,11.5,1030.486,-1.752,0.167,road_collider_deck_span_01,8.244
withdrawal,de_east_4,SUPPRESS,1057,-1,13.5,1032.426,-1.637,0.166,road_collider_deck_span_01,8.259
withdrawal,de_east_5,SUPPRESS,1053,-1,15.5,1028.372,-1.532,0.167,road_collider_deck_span_01,9.255
withdrawal,de_east_6,SUPPRESS,1055,-1,17.5,1030.32,-1.418,0.167,road_collider_deck_span_01,10.303
withdrawal,de_east_7,SUPPRESS,1057,-1,19.5,1032.272,-1.304,0.167,road_collider_deck_span_01,11.355
withdrawal,de_east_8,SUPPRESS,1053,-1,21.5,1028.229,-1.198,0.167,road_collider_deck_span_01,11.31
withdrawal,de_east_9,SUPPRESS,1055,-1,23.5,1030.189,-1.085,0.167,road_collider_deck_span_01,13.392
withdrawal,de_east_10,SUPPRESS,1057,-1,25.5,1032.153,-0.971,0.167,road_collider_deck_span_01,14.45
withdrawal,de_east_11,SUPPRESS,1053,-1,27.5,1028.121,-0.864,0.167,road_collider_deck_span_01,16.45
withdrawal,de_east_12,SUPPRESS,1055,-1,29.5,1030.093,-0.751,0.167,road_collider_deck_span_01,18.541
withdrawal,de_east_13,SUPPRESS,1057,-1,31.5,1032.068,-0.638,0.167,road_collider_deck_span_01,21.673
withdrawal,de_east_14,SUPPRESS,1076,-1,-80,1058.177,-6.675,0.162,road_collider_deck_span_01,2.116
withdrawal,de_east_15,SUPPRESS,1083,-1,-75,1064.564,-6.364,0.161,road_collider_deck_span_01,2.129
withdrawal,de_east_16,SUPPRESS,1090,-1,-70,1070.982,-6.057,0.16,road_collider_deck_span_01,3.213
withdrawal,de_east_17,SUPPRESS,1097,-1,-65,1077.431,-5.753,0.16,road_collider_deck_span_01,3.232
withdrawal,de_east_18,SUPPRESS,1076,-1,-60,1056.039,-5.597,0.163,road_collider_deck_span_01,3.168
withdrawal,de_east_19,SUPPRESS,1083,-1,-55,1062.533,-5.292,0.162,road_collider_deck_span_01,3.188
withdrawal,de_east_20,SUPPRESS,1090,-1,-50,1069.057,-4.991,0.161,road_collider_deck_span_01,3.207
withdrawal,de_east_21,SUPPRESS,1097,-1,-45,1075.61,-4.693,0.16,road_collider_deck_span_01,3.227
withdrawal,de_east_22,SUPPRESS,1076,-1,-40,1054.277,-4.515,0.163,road_collider_deck_span_01,3.163
withdrawal,de_east_23,SUPPRESS,1083,-1,-35,1060.876,-4.216,0.162,road_collider_deck_span_01,4.243
withdrawal,de_east_24,SUPPRESS,1090,-1,-30,1067.503,-3.921,0.161,road_collider_deck_span_01,4.27
withdrawal,de_east_25,SUPPRESS,1097,-1,-25,1074.159,-3.63,0.16,road_collider_deck_span_01,4.297
withdrawal,de_east_26,SUPPRESS,1076,-1,-20,1052.891,-3.43,0.163,road_collider_deck_span_01,4.211
withdrawal,de_east_27,SUPPRESS,1083,-1,-15,1059.593,-3.138,0.162,road_collider_deck_span_01,5.298
withdrawal,de_east_28,SUPPRESS,1088,-1,52,1063.042,0.485,0.162,road_collider_pier_01,112.404
withdrawal,de_east_29,SUPPRESS,1094,-1,56,1069.083,0.697,0.161,road_collider_pier_01,112.409
withdrawal,de_east_30,SUPPRESS,1076,-1,60,1051.142,0.927,0.164,road_collider_pier_01,112.415
withdrawal,de_east_31,SUPPRESS,1082,-1,64,1057.213,1.138,0.163,road_collider_pier_01,112.423
withdrawal,de_east_32,SUPPRESS,1088,-1,68,1063.298,1.347,0.162,road_collider_pier_01,112.432
withdrawal,de_east_33,SUPPRESS,1094,-1,72,1069.397,1.554,0.161,road_collider_pier_01,112.442
withdrawal,de_east_34,SUPPRESS,1076,-1,76,1051.522,1.798,0.163,road_collider_pier_01,112.456
withdrawal,de_east_35,SUPPRESS,1082,-1,80,1057.652,2.005,0.163,road_collider_pier_01,112.469
withdrawal,de_east_36,SUPPRESS,1088,-1,84,1063.795,2.209,0.162,road_collider_pier_01,112.484
withdrawal,de_east_37,SUPPRESS,1094,-1,88,1069.951,2.41,0.161,road_collider_pier_01,112.5
withdrawal,de_east_38,SUPPRESS,1076,-1,92,1052.146,2.669,0.163,road_collider_pier_01,112.523
withdrawal,de_east_39,SUPPRESS,1082,-1,96,1058.332,2.871,0.162,road_collider_pier_01,112.542
withdrawal,de_spans_0,GUARD,1050,0,39.6,1025.013,-0.19,0.224,road_collider_deck_span_01,71.75
withdrawal,de_spans_1,GUARD,1053,0,40.7,1028.01,-0.128,0.223,road_collider_deck_span_01,105.883
withdrawal,de_spans_2,GUARD,1056,0,41.8,1031.008,-0.067,0.222,road_collider_pier_01,112.401
withdrawal,de_spans_3,GUARD,1059,0,39.6,1034.013,-0.188,0.222,road_collider_deck_span_01,72.38
withdrawal,de_spans_4,GUARD,1062,0,40.7,1037.01,-0.127,0.221,road_collider_deck_span_01,106.81
withdrawal,de_spans_5,GUARD,1065,0,41.8,1040.008,-0.066,0.22,road_collider_pier_01,112.401
withdrawal,de_spans_6,GUARD,1068,0,39.6,1043.013,-0.187,0.22,road_collider_deck_span_01,73.01
withdrawal,de_spans_7,GUARD,1071,0,40.7,1046.01,-0.126,0.219,road_collider_deck_span_01,107.737
withdrawal,de_spans_8,GUARD,1074,0,41.8,1049.008,-0.066,0.218,road_collider_pier_01,112.401
withdrawal,de_spans_9,GUARD,1077,0,39.6,1052.013,-0.185,0.218,road_collider_deck_span_01,73.64
