time,sector,formation,state,x,y,z,combatReady,wounded,dead,evacuated,event,result
"10","fixture_sector_000","fixture_formation_0","holding","0","0","0","21","4","5","0","fixture_sector_000:exposure:00010","{""applied"":false,""reason"":""no-loss"",""probability"":0.38867980112381606}"
"10","fixture_sector_001","fixture_formation_1","holding","500","0","0","21","4","5","0","fixture_sector_001:exposure:00010","{""applied"":false,""reason"":""no-loss"",""probability"":0.38867980112381606}"
"20","fixture_sector_000","fixture_formation_0","holding","0","0","0","20","5","5","0","fixture_sector_000:exposure:00020","{""applied"":true,""memberId"":""fixture_named_0"",""ordinal"":0,""from"":""combatReady"",""to"":""wounded"",""probability"":0.38867980112381606}"
"20","fixture_sector_001","fixture_formation_1","holding","500","0","0","20","4","6","0","fixture_sector_001:exposure:00020","{""applied"":true,""memberId"":""fixture_named_1"",""ordinal"":0,""from"":""combatReady"",""to"":""dead"",""probability"":0.38867980112381606}"
"30","fixture_sector_000","fixture_formation_0","holding","0","0","0","19","6","5","0","fixture_sector_000:exposure:00030","{""applied"":true,""memberId"":""fixture_formation_0/soldier/1"",""ordinal"":1,""from"":""combatReady"",""to"":""wounded"",""probability"":0.38867980112381606}"
"30","fixture_sector_001","fixture_formation_1","holding","500","0","0","20","4","6","0","fixture_sector_001:exposure:00030","{""applied"":false,""reason"":""no-loss"",""probability"":0.38867980112381606}"
"40","fixture_sector_000","fixture_formation_0","holding","0","0","0","19","6","5","0","fixture_sector_000:exposure:00040","{""applied"":false,""reason"":""no-loss"",""probability"":0.38867980112381606}"
"40","fixture_sector_001","fixture_formation_1","holding","500","0","0","20","4","6","0","fixture_sector_001:exposure:00040","{""applied"":false,""reason"":""no-loss"",""probability"":0.38867980112381606}"
"50","fixture_sector_000","fixture_formation_0","holding","0","0","0","19","6","5","0","fixture_sector_000:exposure:00050","{""applied"":false,""reason"":""no-loss"",""probability"":0.38867980112381606}"
"50","fixture_sector_001","fixture_formation_1","holding","500","0","0","20","4","6","0","fixture_sector_001:exposure:00050","{""applied"":false,""reason"":""no-loss"",""probability"":0.38867980112381606}"
"60","fixture_sector_000","fixture_formation_0","holding","0","0","0","19","6","5","0","fixture_sector_000:exposure:00060","{""applied"":false,""reason"":""no-loss"",""probability"":0.38867980112381606}"
"60","fixture_sector_001","fixture_formation_1","holding","500","0","0","19","4","7","0","fixture_sector_001:exposure:00060","{""applied"":true,""memberId"":""fixture_formation_1/soldier/1"",""ordinal"":1,""from"":""combatReady"",""to"":""dead"",""probability"":0.38867980112381606}"
"70","fixture_sector_000","fixture_formation_0","holding","0","0","0","19","6","5","0","fixture_sector_000:exposure:00070","{""applied"":false,""reason"":""no-loss"",""probability"":0.38867980112381606}"
"70","fixture_sector_001","fixture_formation_1","holding","500","0","0","19","4","7","0","fixture_sector_001:exposure:00070","{""applied"":false,""reason"":""no-loss"",""probability"":0.38867980112381606}"
"80","fixture_sector_000","fixture_formation_0","holding","0","0","0","19","6","5","0","fixture_sector_000:exposure:00080","{""applied"":false,""reason"":""no-loss"",""probability"":0.38867980112381606}"
"80","fixture_sector_001","fixture_formation_1","holding","500","0","0","19","4","7","0","fixture_sector_001:exposure:00080","{""applied"":false,""reason"":""no-loss"",""probability"":0.38867980112381606}"
"90","fixture_sector_000","fixture_formation_0","holding","0","0","0","18","7","5","0","fixture_sector_000:exposure:00090","{""applied"":true,""memberId"":""fixture_formation_0/soldier/2"",""ordinal"":2,""from"":""combatReady"",""to"":""wounded"",""probability"":0.38867980112381606}"
"90","fixture_sector_001","fixture_formation_1","holding","500","0","0","19","4","7","0","fixture_sector_001:exposure:00090","{""applied"":false,""reason"":""no-loss"",""probability"":0.38867980112381606}"
"100","fixture_sector_000","fixture_formation_0","holding","0","0","0","17","8","5","0","fixture_sector_000:exposure:00100","{""applied"":true,""memberId"":""fixture_formation_0/soldier/3"",""ordinal"":3,""from"":""combatReady"",""to"":""wounded"",""probability"":0.38867980112381606}"
"100","fixture_sector_001","fixture_formation_1","holding","500","0","0","19","4","7","0","fixture_sector_001:exposure:00100","{""applied"":false,""reason"":""no-loss"",""probability"":0.38867980112381606}"
"110","fixture_sector_000","fixture_formation_0","holding","0","0","0","17","8","5","0","fixture_sector_000:exposure:00110","{""applied"":false,""reason"":""no-loss"",""probability"":0.38867980112381606}"
"110","fixture_sector_001","fixture_formation_1","holding","500","0","0","19","4","7","0","fixture_sector_001:exposure:00110","{""applied"":false,""reason"":""no-loss"",""probability"":0.38867980112381606}"
"120","fixture_sector_000","fixture_formation_0","holding","0","0","0","17","8","5","0","fixture_sector_000:exposure:00120","{""applied"":false,""reason"":""no-loss"",""probability"":0.38867980112381606}"
"120","fixture_sector_001","fixture_formation_1","holding","500","0","0","18","5","7","0","fixture_sector_001:exposure:00120","{""applied"":true,""memberId"":""fixture_formation_1/soldier/2"",""ordinal"":2,""from"":""combatReady"",""to"":""wounded"",""probability"":0.38867980112381606}"
"130","fixture_sector_000","fixture_formation_0","holding","0","0","0","17","8","5","0","fixture_sector_000:exposure:00130","{""applied"":false,""reason"":""no-loss"",""probability"":0.38867980112381606}"
"130","fixture_sector_001","fixture_formation_1","holding","500","0","0","18","5","7","0","fixture_sector_001:exposure:00130","{""applied"":false,""reason"":""no-loss"",""probability"":0.38867980112381606}"
"140","fixture_sector_000","fixture_formation_0","holding","0","0","0","17","8","5","0","fixture_sector_000:exposure:00140","{""applied"":false,""reason"":""no-loss"",""probability"":0.38867980112381606}"
"140","fixture_sector_001","fixture_formation_1","holding","500","0","0","18","5","7","0","fixture_sector_001:exposure:00140","{""applied"":false,""reason"":""no-loss"",""probability"":0.38867980112381606}"
"150","fixture_sector_000","fixture_formation_0","holding","0","0","0","17","8","5","0","fixture_sector_000:exposure:00150","{""applied"":false,""reason"":""no-loss"",""probability"":0.38867980112381606}"
"150","fixture_sector_001","fixture_formation_1","holding","500","0","0","18","5","7","0","fixture_sector_001:exposure:00150","{""applied"":false,""reason"":""no-loss"",""probability"":0.38867980112381606}"
"160","fixture_sector_000","fixture_formation_0","holding","0","0","0","17","8","5","0","fixture_sector_000:exposure:00160","{""applied"":false,""reason"":""no-loss"",""probability"":0.38867980112381606}"
"160","fixture_sector_001","fixture_formation_1","holding","500","0","0","18","5","7","0","fixture_sector_001:exposure:00160","{""applied"":false,""reason"":""no-loss"",""probability"":0.38867980112381606}"
"170","fixture_sector_000","fixture_formation_0","holding","0","0","0","17","8","5","0","fixture_sector_000:exposure:00170","{""applied"":false,""reason"":""no-loss"",""probability"":0.38867980112381606}"
"170","fixture_sector_001","fixture_formation_1","holding","500","0","0","18","5","7","0","fixture_sector_001:exposure:00170","{""applied"":false,""reason"":""no-loss"",""probability"":0.38867980112381606}"
"180","fixture_sector_000","fixture_formation_0","holding","0","0","0","17","8","5","0","fixture_sector_000:exposure:00180","{""applied"":false,""reason"":""no-loss"",""probability"":0.38867980112381606}"
"180","fixture_sector_001","fixture_formation_1","holding","500","0","0","17","5","8","0","fixture_sector_001:exposure:00180","{""applied"":true,""memberId"":""fixture_formation_1/soldier/3"",""ordinal"":3,""from"":""combatReady"",""to"":""dead"",""probability"":0.38867980112381606}"
"190","fixture_sector_000","fixture_formation_0","holding","0","0","0","17","8","5","0","fixture_sector_000:exposure:00190","{""applied"":false,""reason"":""no-loss"",""probability"":0.38867980112381606}"
"190","fixture_sector_001","fixture_formation_1","holding","500","0","0","17","5","8","0","fixture_sector_001:exposure:00190","{""applied"":false,""reason"":""no-loss"",""probability"":0.38867980112381606}"
"200","fixture_sector_000","fixture_formation_0","holding","0","0","0","17","8","5","0","fixture_sector_000:exposure:00200","{""applied"":false,""reason"":""no-loss"",""probability"":0.38867980112381606}"
"200","fixture_sector_001","fixture_formation_1","holding","500","0","0","17","5","8","0","fixture_sector_001:exposure:00200","{""applied"":false,""reason"":""maxDead"",""probability"":0.38867980112381606}"
"210","fixture_sector_000","fixture_formation_0","holding","0","0","0","17","8","5","0","fixture_sector_000:exposure:00210","{""applied"":false,""reason"":""no-loss"",""probability"":0.38867980112381606}"
"210","fixture_sector_001","fixture_formation_1","holding","500","0","0","17","5","8","0","fixture_sector_001:exposure:00210","{""applied"":false,""reason"":""no-loss"",""probability"":0.38867980112381606}"
"220","fixture_sector_000","fixture_formation_0","withdrawing","0","0","0","17","8","5","0","fixture_sector_000:exposure:00220","{""applied"":false,""reason"":""no-loss"",""probability"":0.38867980112381606}"
"220","fixture_sector_000","fixture_formation_0","withdrawing","0","0","0","17","8","5","0","fixture_sector_000:withdrawal","{""state"":""withdrawing"",""objective"":""withdraw""}"
"220","fixture_sector_001","fixture_formation_1","withdrawing","500","0","0","16","6","8","0","fixture_sector_001:exposure:00220","{""applied"":true,""memberId"":""fixture_formation_1/soldier/4"",""ordinal"":4,""from"":""combatReady"",""to"":""wounded"",""probability"":0.38867980112381606}"
"220","fixture_sector_001","fixture_formation_1","withdrawing","500","0","0","16","6","8","0","fixture_sector_001:withdrawal","{""state"":""withdrawing"",""objective"":""withdraw""}"
"230","fixture_sector_000","fixture_formation_0","withdrawing","-5","0","6.123233995736766e-16","17","8","5","0","fixture_sector_000:exposure:00230","{""applied"":false,""reason"":""no-loss"",""probability"":0.38867980112381606}"
"230","fixture_sector_001","fixture_formation_1","withdrawing","495","0","6.123233995736766e-16","16","6","8","0","fixture_sector_001:exposure:00230","{""applied"":false,""reason"":""maxDead"",""probability"":0.38867980112381606}"
"240","fixture_sector_000","fixture_formation_0","withdrawing","-10","0","1.2246467991473533e-15","17","8","5","0","fixture_sector_000:exposure:00240","{""applied"":false,""reason"":""no-loss"",""probability"":0.38867980112381606}"
"240","fixture_sector_001","fixture_formation_1","withdrawing","490","0","1.2246467991473533e-15","15","7","8","0","fixture_sector_001:exposure:00240","{""applied"":true,""memberId"":""fixture_formation_1/soldier/5"",""ordinal"":5,""from"":""combatReady"",""to"":""wounded"",""probability"":0.38867980112381606}"
"250","fixture_sector_000","fixture_formation_0","withdrawing","-15","0","1.83697019872103e-15","17","8","5","0","fixture_sector_000:exposure:00250","{""applied"":false,""reason"":""no-loss"",""probability"":0.38867980112381606}"
"250","fixture_sector_001","fixture_formation_1","withdrawing","485","0","1.83697019872103e-15","15","7","8","0","fixture_sector_001:exposure:00250","{""applied"":false,""reason"":""no-loss"",""probability"":0.38867980112381606}"
"252","fixture_sector_000","fixture_formation_0","withdrawing","-16","0","1.959434878635765e-15","17","8","5","0","fixture_sector_000:impact:destruction","{""assetId"":""fixture_sector_000_building"",""state"":""damaged"",""position"":{""x"":-10,""y"":0,""z"":20},""origin"":{""x"":100,""y"":0,""z"":300}}"
"252","fixture_sector_000","fixture_formation_0","withdrawing","-16","0","1.959434878635765e-15","17","8","5","0","fixture_sector_000:impact:fires","{""assetId"":""fixture_sector_000_fire"",""state"":""burning"",""position"":{""x"":-10,""y"":0,""z"":20}}"
"252","fixture_sector_000","fixture_formation_0","withdrawing","-16","0","1.959434878635765e-15","17","8","5","0","fixture_sector_000:impact:smoke","{""assetId"":""fixture_sector_000_smoke"",""state"":""active"",""position"":{""x"":-10,""y"":0,""z"":20}}"
"252","fixture_sector_001","fixture_formation_1","withdrawing","484","0","1.959434878635765e-15","15","7","8","0","fixture_sector_001:impact:destruction","{""assetId"":""fixture_sector_001_building"",""state"":""damaged"",""position"":{""x"":490,""y"":0,""z"":20},""origin"":{""x"":600,""y"":0,""z"":300}}"
"252","fixture_sector_001","fixture_formation_1","withdrawing","484","0","1.959434878635765e-15","15","7","8","0","fixture_sector_001:impact:fires","{""assetId"":""fixture_sector_001_fire"",""state"":""burning"",""position"":{""x"":490,""y"":0,""z"":20}}"
"252","fixture_sector_001","fixture_formation_1","withdrawing","484","0","1.959434878635765e-15","15","7","8","0","fixture_sector_001:impact:smoke","{""assetId"":""fixture_sector_001_smoke"",""state"":""active"",""position"":{""x"":490,""y"":0,""z"":20}}"
"260","fixture_sector_000","fixture_formation_0","withdrawing","-20","0","2.4492935982947065e-15","16","9","5","0","fixture_sector_000:exposure:00260","{""applied"":true,""memberId"":""fixture_formation_0/soldier/4"",""ordinal"":4,""from"":""combatReady"",""to"":""wounded"",""probability"":0.38867980112381606}"
"260","fixture_sector_001","fixture_formation_1","withdrawing","480","0","2.4492935982947065e-15","15","7","8","0","fixture_sector_001:exposure:00260","{""applied"":false,""reason"":""no-loss"",""probability"":0.38867980112381606}"
"270","fixture_sector_000","fixture_formation_0","withdrawing","-25","0","3.061616997868383e-15","16","9","5","0","fixture_sector_000:exposure:00270","{""applied"":false,""reason"":""no-loss"",""probability"":0.38867980112381606}"
"270","fixture_sector_001","fixture_formation_1","withdrawing","475","0","3.061616997868383e-15","15","7","8","0","fixture_sector_001:exposure:00270","{""applied"":false,""reason"":""minCombatReady"",""probability"":0.38867980112381606}"
"280","fixture_sector_000","fixture_formation_0","withdrawing","-30","0","3.67394039744206e-15","16","9","5","0","fixture_sector_000:exposure:00280","{""applied"":false,""reason"":""no-loss"",""probability"":0.38867980112381606}"
"280","fixture_sector_001","fixture_formation_1","withdrawing","470","0","3.67394039744206e-15","15","7","8","0","fixture_sector_001:exposure:00280","{""applied"":false,""reason"":""maxDead"",""probability"":0.38867980112381606}"
"290","fixture_sector_000","fixture_formation_0","withdrawing","-35","0","4.2862637970157365e-15","16","9","5","0","fixture_sector_000:exposure:00290","{""applied"":false,""reason"":""no-loss"",""probability"":0.38867980112381606}"
"290","fixture_sector_001","fixture_formation_1","withdrawing","465","0","4.2862637970157365e-15","15","7","8","0","fixture_sector_001:exposure:00290","{""applied"":false,""reason"":""no-loss"",""probability"":0.38867980112381606}"
"300","fixture_sector_000","fixture_formation_0","withdrawing","-40","0","4.898587196589413e-15","16","9","5","0","fixture_sector_000:exposure:00300","{""applied"":false,""reason"":""no-loss"",""probability"":0.38867980112381606}"
"300","fixture_sector_001","fixture_formation_1","withdrawing","460","0","4.898587196589413e-15","15","7","8","0","fixture_sector_001:exposure:00300","{""applied"":false,""reason"":""no-loss"",""probability"":0.38867980112381606}"
"310","fixture_sector_000","fixture_formation_0","withdrawing","-45","0","5.5109105961630896e-15","16","9","5","0","fixture_sector_000:exposure:00310","{""applied"":false,""reason"":""no-loss"",""probability"":0.38867980112381606}"
"310","fixture_sector_001","fixture_formation_1","withdrawing","455","0","5.5109105961630896e-15","15","7","8","0","fixture_sector_001:exposure:00310","{""applied"":false,""reason"":""minCombatReady"",""probability"":0.38867980112381606}"
"320","fixture_sector_000","fixture_formation_0","withdrawing","-50","0","6.123233995736766e-15","15","9","6","0","fixture_sector_000:exposure:00320","{""applied"":true,""memberId"":""fixture_formation_0/soldier/5"",""ordinal"":5,""from"":""combatReady"",""to"":""dead"",""probability"":0.38867980112381606}"
"320","fixture_sector_001","fixture_formation_1","withdrawing","450","0","6.123233995736766e-15","15","7","8","0","fixture_sector_001:exposure:00320","{""applied"":false,""reason"":""no-loss"",""probability"":0.38867980112381606}"
"330","fixture_sector_000","fixture_formation_0","withdrawing","-55","0","6.735557395310443e-15","15","9","6","0","fixture_sector_000:exposure:00330","{""applied"":false,""reason"":""no-loss"",""probability"":0.38867980112381606}"
"330","fixture_sector_001","fixture_formation_1","withdrawing","445","0","6.735557395310443e-15","15","7","8","0","fixture_sector_001:exposure:00330","{""applied"":false,""reason"":""no-loss"",""probability"":0.38867980112381606}"
"340","fixture_sector_000","fixture_formation_0","withdrawing","-60","0","7.34788079488412e-15","15","9","6","0","fixture_sector_000:exposure:00340","{""applied"":false,""reason"":""minCombatReady"",""probability"":0.38867980112381606}"
"340","fixture_sector_001","fixture_formation_1","withdrawing","440","0","7.34788079488412e-15","15","7","8","0","fixture_sector_001:exposure:00340","{""applied"":false,""reason"":""no-loss"",""probability"":0.38867980112381606}"
"350","fixture_sector_000","fixture_formation_0","withdrawing","-65","0","7.960204194457796e-15","15","9","6","0","fixture_sector_000:exposure:00350","{""applied"":false,""reason"":""minCombatReady"",""probability"":0.38867980112381606}"
"350","fixture_sector_001","fixture_formation_1","withdrawing","435","0","7.960204194457796e-15","15","7","8","0","fixture_sector_001:exposure:00350","{""applied"":false,""reason"":""minCombatReady"",""probability"":0.38867980112381606}"
"360","fixture_sector_000","fixture_formation_0","withdrawing","-70","0","8.572527594031473e-15","15","9","6","0","fixture_sector_000:exposure:00360","{""applied"":false,""reason"":""no-loss"",""probability"":0.38867980112381606}"
"360","fixture_sector_001","fixture_formation_1","withdrawing","430","0","8.572527594031473e-15","15","7","8","0","fixture_sector_001:exposure:00360","{""applied"":false,""reason"":""minCombatReady"",""probability"":0.38867980112381606}"
"370","fixture_sector_000","fixture_formation_0","withdrawing","-75","0","9.184850993605149e-15","15","9","6","0","fixture_sector_000:exposure:00370","{""applied"":false,""reason"":""minCombatReady"",""probability"":0.38867980112381606}"
"370","fixture_sector_001","fixture_formation_1","withdrawing","425","0","9.184850993605149e-15","15","7","8","0","fixture_sector_001:exposure:00370","{""applied"":false,""reason"":""no-loss"",""probability"":0.38867980112381606}"
"380","fixture_sector_000","fixture_formation_0","withdrawing","-80","0","9.797174393178826e-15","15","9","6","0","fixture_sector_000:exposure:00380","{""applied"":false,""reason"":""no-loss"",""probability"":0.38867980112381606}"
"380","fixture_sector_001","fixture_formation_1","withdrawing","420","0","9.797174393178826e-15","15","7","8","0","fixture_sector_001:exposure:00380","{""applied"":false,""reason"":""minCombatReady"",""probability"":0.38867980112381606}"
"390","fixture_sector_000","fixture_formation_0","withdrawing","-85","0","1.0409497792752502e-14","15","9","6","0","fixture_sector_000:exposure:00390","{""applied"":false,""reason"":""minCombatReady"",""probability"":0.38867980112381606}"
"390","fixture_sector_001","fixture_formation_1","withdrawing","415","0","1.0409497792752502e-14","15","7","8","0","fixture_sector_001:exposure:00390","{""applied"":false,""reason"":""no-loss"",""probability"":0.38867980112381606}"
"400","fixture_sector_000","fixture_formation_0","withdrawing","-90","0","1.1021821192326179e-14","15","9","6","0","fixture_sector_000:exposure:00400","{""applied"":false,""reason"":""minCombatReady"",""probability"":0.38867980112381606}"
"400","fixture_sector_001","fixture_formation_1","withdrawing","410","0","1.1021821192326179e-14","15","7","8","0","fixture_sector_001:exposure:00400","{""applied"":false,""reason"":""no-loss"",""probability"":0.38867980112381606}"
"410","fixture_sector_000","fixture_formation_0","withdrawing","-95","0","1.1634144591899855e-14","15","9","6","0","fixture_sector_000:exposure:00410","{""applied"":false,""reason"":""no-loss"",""probability"":0.38867980112381606}"
"410","fixture_sector_001","fixture_formation_1","withdrawing","405","0","1.1634144591899855e-14","15","7","8","0","fixture_sector_001:exposure:00410","{""applied"":false,""reason"":""minCombatReady"",""probability"":0.38867980112381606}"
"420","fixture_sector_000","fixture_formation_0","withdrawing","-100","0","1.2246467991473532e-14","15","9","6","0","fixture_sector_000:exposure:00420","{""applied"":false,""reason"":""minCombatReady"",""probability"":0.38867980112381606}"
"420","fixture_sector_001","fixture_formation_1","withdrawing","400","0","1.2246467991473532e-14","15","7","8","0","fixture_sector_001:exposure:00420","{""applied"":false,""reason"":""no-loss"",""probability"":0.38867980112381606}"
"430","fixture_sector_000","fixture_formation_0","withdrawing","-105","0","1.2858791391047208e-14","15","9","6","0","fixture_sector_000:exposure:00430","{""applied"":false,""reason"":""no-loss"",""probability"":0.38867980112381606}"
"430","fixture_sector_001","fixture_formation_1","withdrawing","395","0","1.2858791391047208e-14","15","7","8","0","fixture_sector_001:exposure:00430","{""applied"":false,""reason"":""no-loss"",""probability"":0.38867980112381606}"
"440","fixture_sector_000","fixture_formation_0","withdrawing","-110","0","1.3471114790620885e-14","15","9","6","0","fixture_sector_000:exposure:00440","{""applied"":false,""reason"":""no-loss"",""probability"":0.38867980112381606}"
"440","fixture_sector_001","fixture_formation_1","withdrawing","390","0","1.3471114790620885e-14","15","7","8","0","fixture_sector_001:exposure:00440","{""applied"":false,""reason"":""no-loss"",""probability"":0.38867980112381606}"
"450","fixture_sector_000","fixture_formation_0","withdrawing","-115","0","1.4083438190194563e-14","15","9","6","0","fixture_sector_000:exposure:00450","{""applied"":false,""reason"":""no-loss"",""probability"":0.38867980112381606}"
"450","fixture_sector_001","fixture_formation_1","withdrawing","385","0","1.4083438190194563e-14","15","7","8","0","fixture_sector_001:exposure:00450","{""applied"":false,""reason"":""no-loss"",""probability"":0.38867980112381606}"
"460","fixture_sector_000","fixture_formation_0","withdrawing","-120","0","1.469576158976824e-14","15","9","6","0","fixture_sector_000:exposure:00460","{""applied"":false,""reason"":""no-loss"",""probability"":0.38867980112381606}"
"460","fixture_sector_001","fixture_formation_1","withdrawing","380","0","1.469576158976824e-14","15","7","8","0","fixture_sector_001:exposure:00460","{""applied"":false,""reason"":""no-loss"",""probability"":0.38867980112381606}"
"470","fixture_sector_000","fixture_formation_0","withdrawing","-125","0","1.5308084989341916e-14","15","9","6","0","fixture_sector_000:exposure:00470","{""applied"":false,""reason"":""no-loss"",""probability"":0.38867980112381606}"
"470","fixture_sector_001","fixture_formation_1","withdrawing","375","0","1.5308084989341916e-14","15","7","8","0","fixture_sector_001:exposure:00470","{""applied"":false,""reason"":""minCombatReady"",""probability"":0.38867980112381606}"
"480","fixture_sector_000","fixture_formation_0","withdrawing","-130","0","1.592040838891559e-14","15","9","6","0","fixture_sector_000:exposure:00480","{""applied"":false,""reason"":""no-loss"",""probability"":0.38867980112381606}"
"480","fixture_sector_001","fixture_formation_1","withdrawing","370","0","1.592040838891559e-14","15","7","8","0","fixture_sector_001:exposure:00480","{""applied"":false,""reason"":""maxDead"",""probability"":0.38867980112381606}"
"490","fixture_sector_000","fixture_formation_0","withdrawing","-135","0","1.6532731788489267e-14","15","9","6","0","fixture_sector_000:exposure:00490","{""applied"":false,""reason"":""no-loss"",""probability"":0.38867980112381606}"
"490","fixture_sector_001","fixture_formation_1","withdrawing","365","0","1.6532731788489267e-14","15","7","8","0","fixture_sector_001:exposure:00490","{""applied"":false,""reason"":""no-loss"",""probability"":0.38867980112381606}"
"500","fixture_sector_000","fixture_formation_0","withdrawing","-140","0","1.7145055188062946e-14","15","9","6","0","fixture_sector_000:exposure:00500","{""applied"":false,""reason"":""no-loss"",""probability"":0.38867980112381606}"
"500","fixture_sector_001","fixture_formation_1","withdrawing","360","0","1.7145055188062946e-14","15","7","8","0","fixture_sector_001:exposure:00500","{""applied"":false,""reason"":""no-loss"",""probability"":0.38867980112381606}"
"510","fixture_sector_000","fixture_formation_0","withdrawing","-145","0","1.7757378587636622e-14","15","9","6","0","fixture_sector_000:exposure:00510","{""applied"":false,""reason"":""minCombatReady"",""probability"":0.38867980112381606}"
"510","fixture_sector_001","fixture_formation_1","withdrawing","355","0","1.7757378587636622e-14","15","7","8","0","fixture_sector_001:exposure:00510","{""applied"":false,""reason"":""no-loss"",""probability"":0.38867980112381606}"
"520","fixture_sector_000","fixture_formation_0","withdrawing","-150","0","1.8369701987210297e-14","15","9","6","0","fixture_sector_000:exposure:00520","{""applied"":false,""reason"":""minCombatReady"",""probability"":0.38867980112381606}"
"520","fixture_sector_001","fixture_formation_1","withdrawing","350","0","1.8369701987210297e-14","15","7","8","0","fixture_sector_001:exposure:00520","{""applied"":false,""reason"":""minCombatReady"",""probability"":0.38867980112381606}"
"530","fixture_sector_000","fixture_formation_0","withdrawing","-155","0","1.8982025386783973e-14","15","9","6","0","fixture_sector_000:exposure:00530","{""applied"":false,""reason"":""no-loss"",""probability"":0.38867980112381606}"
"530","fixture_sector_001","fixture_formation_1","withdrawing","345","0","1.8982025386783973e-14","15","7","8","0","fixture_sector_001:exposure:00530","{""applied"":false,""reason"":""no-loss"",""probability"":0.38867980112381606}"
"540","fixture_sector_000","fixture_formation_0","withdrawing","-160","0","1.9594348786357652e-14","15","9","6","0","fixture_sector_000:exposure:00540","{""applied"":false,""reason"":""no-loss"",""probability"":0.38867980112381606}"
"540","fixture_sector_001","fixture_formation_1","withdrawing","340","0","1.9594348786357652e-14","15","7","8","0","fixture_sector_001:exposure:00540","{""applied"":false,""reason"":""maxDead"",""probability"":0.38867980112381606}"
"550","fixture_sector_000","fixture_formation_0","withdrawing","-165","0","2.0206672185931328e-14","15","9","6","0","fixture_sector_000:exposure:00550","{""applied"":false,""reason"":""no-loss"",""probability"":0.38867980112381606}"
"550","fixture_sector_001","fixture_formation_1","withdrawing","335","0","2.0206672185931328e-14","15","7","8","0","fixture_sector_001:exposure:00550","{""applied"":false,""reason"":""no-loss"",""probability"":0.38867980112381606}"
"560","fixture_sector_000","fixture_formation_0","withdrawing","-170","0","2.0818995585505004e-14","15","9","6","0","fixture_sector_000:exposure:00560","{""applied"":false,""reason"":""minCombatReady"",""probability"":0.38867980112381606}"
"560","fixture_sector_001","fixture_formation_1","withdrawing","330","0","2.0818995585505004e-14","15","7","8","0","fixture_sector_001:exposure:00560","{""applied"":false,""reason"":""minCombatReady"",""probability"":0.38867980112381606}"
"570","fixture_sector_000","fixture_formation_0","withdrawing","-175","0","2.1431318985078682e-14","15","9","6","0","fixture_sector_000:exposure:00570","{""applied"":false,""reason"":""minCombatReady"",""probability"":0.38867980112381606}"
"570","fixture_sector_001","fixture_formation_1","withdrawing","325","0","2.1431318985078682e-14","15","7","8","0","fixture_sector_001:exposure:00570","{""applied"":false,""reason"":""maxDead"",""probability"":0.38867980112381606}"
"580","fixture_sector_000","fixture_formation_0","withdrawing","-180","0","2.2043642384652358e-14","15","9","6","0","fixture_sector_000:exposure:00580","{""applied"":false,""reason"":""minCombatReady"",""probability"":0.38867980112381606}"
"580","fixture_sector_001","fixture_formation_1","withdrawing","320","0","2.2043642384652358e-14","15","7","8","0","fixture_sector_001:exposure:00580","{""applied"":false,""reason"":""minCombatReady"",""probability"":0.38867980112381606}"
"590","fixture_sector_000","fixture_formation_0","withdrawing","-185","0","2.2655965784226034e-14","15","9","6","0","fixture_sector_000:exposure:00590","{""applied"":false,""reason"":""no-loss"",""probability"":0.38867980112381606}"
"590","fixture_sector_001","fixture_formation_1","withdrawing","315","0","2.2655965784226034e-14","15","7","8","0","fixture_sector_001:exposure:00590","{""applied"":false,""reason"":""maxDead"",""probability"":0.38867980112381606}"
"600","fixture_sector_000","fixture_formation_0","withdrawing","-190","0","2.326828918379971e-14","15","9","6","0","fixture_sector_000:exposure:00600","{""applied"":false,""reason"":""minCombatReady"",""probability"":0.38867980112381606}"
"600","fixture_sector_001","fixture_formation_1","withdrawing","310","0","2.326828918379971e-14","15","7","8","0","fixture_sector_001:exposure:00600","{""applied"":false,""reason"":""no-loss"",""probability"":0.38867980112381606}"
